[
  {
    "fields": {
      "artist_name": "Amy Perez",
      "popularity": 71,
      "spotifyLink": "https://open.spotify.com/artist/570cdd52e1cd1bc6136dea07"
    },
    "model": "musicAPP.artist",
    "pk": 1
  },
  {
    "fields": {
      "artist_name": "Neal James",
      "popularity": 60,
      "spotifyLink": "https://open.spotify.com/artist/570cdd52f77b8d1127683e97"
    },
    "model": "musicAPP.artist",
    "pk": 2
  },
  {
    "fields": {
      "artist_name": "Bright Valentine",
      "popularity": 57,
      "spotifyLink": "https://open.spotify.com/artist/570cdd523c44fc99a4400644"
    },
    "model": "musicAPP.artist",
    "pk": 3
  },
  {
    "fields": {
      "artist_name": "Alyson Rosa",
      "popularity": 69,
      "spotifyLink": "https://open.spotify.com/artist/570cdd520adb3d2aaa94c3a8"
    },
    "model": "musicAPP.artist",
    "pk": 4
  },
  {
    "fields": {
      "artist_name": "Shelton Cortez",
      "popularity": 15,
      "spotifyLink": "https://open.spotify.com/artist/570cdd52ac19e1269e81002a"
    },
    "model": "musicAPP.artist",
    "pk": 5
  },
  {
    "fields": {
      "artist_name": "Carmela Carey",
      "popularity": 73,
      "spotifyLink": "https://open.spotify.com/artist/570cdd52a61e1452dce059bc"
    },
    "model": "musicAPP.artist",
    "pk": 6
  },
  {
    "fields": {
      "artist_name": "Pitts Dean",
      "popularity": 59,
      "spotifyLink": "https://open.spotify.com/artist/570cdd520dce1164128b6f11"
    },
    "model": "musicAPP.artist",
    "pk": 7
  },
  {
    "fields": {
      "artist_name": "Hawkins Sparks",
      "popularity": 7,
      "spotifyLink": "https://open.spotify.com/artist/570cdd526bc9e081e70bfebd"
    },
    "model": "musicAPP.artist",
    "pk": 8
  },
  {
    "fields": {
      "artist_name": "Helen Dunn",
      "popularity": 78,
      "spotifyLink": "https://open.spotify.com/artist/570cdd524016346467963614"
    },
    "model": "musicAPP.artist",
    "pk": 9
  },
  {
    "fields": {
      "artist_name": "Letha Manning",
      "popularity": 61,
      "spotifyLink": "https://open.spotify.com/artist/570cdd52f2fa7a0493530fe7"
    },
    "model": "musicAPP.artist",
    "pk": 10
  },
  {
    "fields": {
      "artist_name": "Denise Johns",
      "popularity": 48,
      "spotifyLink": "https://open.spotify.com/artist/570cdd5259e83bd6274d4557"
    },
    "model": "musicAPP.artist",
    "pk": 11
  },
  {
    "fields": {
      "artist_name": "Bray Rodriquez",
      "popularity": 96,
      "spotifyLink": "https://open.spotify.com/artist/570cdd524ed9ec05d893353e"
    },
    "model": "musicAPP.artist",
    "pk": 12
  },
  {
    "fields": {
      "artist_name": "Deloris Galloway",
      "popularity": 91,
      "spotifyLink": "https://open.spotify.com/artist/570cdd5283812eeec68c623d"
    },
    "model": "musicAPP.artist",
    "pk": 13
  },
  {
    "fields": {
      "artist_name": "Holden Daniel",
      "popularity": 39,
      "spotifyLink": "https://open.spotify.com/artist/570cdd52b1be2887b5eb8bc7"
    },
    "model": "musicAPP.artist",
    "pk": 14
  },
  {
    "fields": {
      "artist_name": "Bradshaw Sandoval",
      "popularity": 71,
      "spotifyLink": "https://open.spotify.com/artist/570cdd527fa749d9f1466438"
    },
    "model": "musicAPP.artist",
    "pk": 15
  },
  {
    "fields": {
      "artist_name": "Aline Whitley",
      "popularity": 34,
      "spotifyLink": "https://open.spotify.com/artist/570cdd52811e635fe73172f3"
    },
    "model": "musicAPP.artist",
    "pk": 16
  },
  {
    "fields": {
      "artist_name": "Townsend Roth",
      "popularity": 43,
      "spotifyLink": "https://open.spotify.com/artist/570cdd52079921f2831c9c9f"
    },
    "model": "musicAPP.artist",
    "pk": 17
  },
  {
    "fields": {
      "artist_name": "Riggs Mayo",
      "popularity": 64,
      "spotifyLink": "https://open.spotify.com/artist/570cdd52013729c0177e92e2"
    },
    "model": "musicAPP.artist",
    "pk": 18
  },
  {
    "fields": {
      "artist_name": "Ellis Hickman",
      "popularity": 51,
      "spotifyLink": "https://open.spotify.com/artist/570cdd52802d138aa1ad905f"
    },
    "model": "musicAPP.artist",
    "pk": 19
  },
  {
    "fields": {
      "artist_name": "Rosalinda Farmer",
      "popularity": 37,
      "spotifyLink": "https://open.spotify.com/artist/570cdd5296ba47e55060ac37"
    },
    "model": "musicAPP.artist",
    "pk": 20
  },
  {
    "fields": {
      "releaseDate": "2015-12-26",
      "artists": 12,
      "album_name": "Enersol",
      "spotifyLink": "https://open.spotify.com/album/572b57bdc0ffe2e1c7418f5f"
    },
    "model": "musicAPP.album",
    "pk": 1
  },
  {
    "fields": {
      "releaseDate": "2015-12-17",
      "artists": 3,
      "album_name": "Pawnagra",
      "spotifyLink": "https://open.spotify.com/album/572b57bd65582149d9b18770"
    },
    "model": "musicAPP.album",
    "pk": 2
  },
  {
    "fields": {
      "releaseDate": "2016-01-17",
      "artists": 16,
      "album_name": "Lovepad",
      "spotifyLink": "https://open.spotify.com/album/572b57bd51a1fb76e69e368d"
    },
    "model": "musicAPP.album",
    "pk": 3
  },
  {
    "fields": {
      "releaseDate": "2015-11-26",
      "artists": 3,
      "album_name": "Ecolight",
      "spotifyLink": "https://open.spotify.com/album/572b57bd4abcd0d8604b45c1"
    },
    "model": "musicAPP.album",
    "pk": 4
  },
  {
    "fields": {
      "releaseDate": "2015-11-29",
      "artists": 6,
      "album_name": "Uneeq",
      "spotifyLink": "https://open.spotify.com/album/572b57bd8b5484cd585e5cb0"
    },
    "model": "musicAPP.album",
    "pk": 5
  },
  {
    "fields": {
      "releaseDate": "2016-04-04",
      "artists": 1,
      "album_name": "Sequitur",
      "spotifyLink": "https://open.spotify.com/album/572b57bd0c1b862656303433"
    },
    "model": "musicAPP.album",
    "pk": 6
  },
  {
    "fields": {
      "releaseDate": "2016-01-15",
      "artists": 18,
      "album_name": "Webiotic",
      "spotifyLink": "https://open.spotify.com/album/572b57bdc1c8293cdbb4b62a"
    },
    "model": "musicAPP.album",
    "pk": 7
  },
  {
    "fields": {
      "releaseDate": "2016-01-15",
      "artists": 2,
      "album_name": "Savvy",
      "spotifyLink": "https://open.spotify.com/album/572b57bdd0f16fa5947d9b21"
    },
    "model": "musicAPP.album",
    "pk": 8
  },
  {
    "fields": {
      "releaseDate": "2015-08-29",
      "artists": 16,
      "album_name": "Avit",
      "spotifyLink": "https://open.spotify.com/album/572b57bd6457ac4019e2af1f"
    },
    "model": "musicAPP.album",
    "pk": 9
  },
  {
    "fields": {
      "releaseDate": "2015-05-11",
      "artists": 18,
      "album_name": "Hawkster",
      "spotifyLink": "https://open.spotify.com/album/572b57bd8d7157d0db574c14"
    },
    "model": "musicAPP.album",
    "pk": 10
  },
  {
    "fields": {
      "releaseDate": "2015-03-17",
      "artists": 13,
      "album_name": "Besto",
      "spotifyLink": "https://open.spotify.com/album/572b57bdd6624d4700a2b666"
    },
    "model": "musicAPP.album",
    "pk": 11
  },
  {
    "fields": {
      "releaseDate": "2015-02-16",
      "artists": 9,
      "album_name": "Nikuda",
      "spotifyLink": "https://open.spotify.com/album/572b57bdb46b195098afe268"
    },
    "model": "musicAPP.album",
    "pk": 12
  },
  {
    "fields": {
      "releaseDate": "2015-02-14",
      "artists": 5,
      "album_name": "Digique",
      "spotifyLink": "https://open.spotify.com/album/572b57bd5e7cdd0f4d3f9f3f"
    },
    "model": "musicAPP.album",
    "pk": 13
  },
  {
    "fields": {
      "releaseDate": "2016-03-29",
      "artists": 3,
      "album_name": "Parcoe",
      "spotifyLink": "https://open.spotify.com/album/572b57bd14129485d72b3397"
    },
    "model": "musicAPP.album",
    "pk": 14
  },
  {
    "fields": {
      "releaseDate": "2015-09-04",
      "artists": 20,
      "album_name": "Yogasm",
      "spotifyLink": "https://open.spotify.com/album/572b57bddc7c98b1107b8982"
    },
    "model": "musicAPP.album",
    "pk": 15
  },
  {
    "fields": {
      "releaseDate": "2016-01-04",
      "artists": 7,
      "album_name": "Comtrail",
      "spotifyLink": "https://open.spotify.com/album/572b57bd0590036454179470"
    },
    "model": "musicAPP.album",
    "pk": 16
  },
  {
    "fields": {
      "releaseDate": "2015-03-04",
      "artists": 7,
      "album_name": "Zaggles",
      "spotifyLink": "https://open.spotify.com/album/572b57bd7ef67513f876edf3"
    },
    "model": "musicAPP.album",
    "pk": 17
  },
  {
    "fields": {
      "releaseDate": "2016-01-26",
      "artists": 12,
      "album_name": "Kineticut",
      "spotifyLink": "https://open.spotify.com/album/572b57bd4b9ff1725dc19263"
    },
    "model": "musicAPP.album",
    "pk": 18
  },
  {
    "fields": {
      "releaseDate": "2015-01-25",
      "artists": 19,
      "album_name": "Zentry",
      "spotifyLink": "https://open.spotify.com/album/572b57bd8bb714fcd8816c29"
    },
    "model": "musicAPP.album",
    "pk": 19
  },
  {
    "fields": {
      "releaseDate": "2015-07-21",
      "artists": 17,
      "album_name": "Virxo",
      "spotifyLink": "https://open.spotify.com/album/572b57bd033432a39464db89"
    },
    "model": "musicAPP.album",
    "pk": 20
  },
  {
    "fields": {
      "releaseDate": "2015-06-06",
      "artists": 1,
      "album_name": "Terascape",
      "spotifyLink": "https://open.spotify.com/album/572b57bd6d8d8b417bd6859e"
    },
    "model": "musicAPP.album",
    "pk": 21
  },
  {
    "fields": {
      "releaseDate": "2015-09-21",
      "artists": 16,
      "album_name": "Fibrodyne",
      "spotifyLink": "https://open.spotify.com/album/572b57bdf4ef2bc68c274472"
    },
    "model": "musicAPP.album",
    "pk": 22
  },
  {
    "fields": {
      "releaseDate": "2015-04-08",
      "artists": 5,
      "album_name": "Daisu",
      "spotifyLink": "https://open.spotify.com/album/572b57bd8091c33a16135328"
    },
    "model": "musicAPP.album",
    "pk": 23
  },
  {
    "fields": {
      "releaseDate": "2015-06-21",
      "artists": 8,
      "album_name": "Billmed",
      "spotifyLink": "https://open.spotify.com/album/572b57bd0be05849a7c4a67e"
    },
    "model": "musicAPP.album",
    "pk": 24
  },
  {
    "fields": {
      "releaseDate": "2015-08-05",
      "artists": 6,
      "album_name": "Coriander",
      "spotifyLink": "https://open.spotify.com/album/572b57bd95a7c61f1fd46f4d"
    },
    "model": "musicAPP.album",
    "pk": 25
  },
  {
    "fields": {
      "releaseDate": "2015-08-28",
      "artists": 9,
      "album_name": "Farmage",
      "spotifyLink": "https://open.spotify.com/album/572b57bd3eb9497b85fb1c7b"
    },
    "model": "musicAPP.album",
    "pk": 26
  },
  {
    "fields": {
      "releaseDate": "2015-12-11",
      "artists": 13,
      "album_name": "Undertap",
      "spotifyLink": "https://open.spotify.com/album/572b57bdf9f8f18509742bf6"
    },
    "model": "musicAPP.album",
    "pk": 27
  },
  {
    "fields": {
      "releaseDate": "2015-08-11",
      "artists": 8,
      "album_name": "Accel",
      "spotifyLink": "https://open.spotify.com/album/572b57bd1f20bd27d61544f9"
    },
    "model": "musicAPP.album",
    "pk": 28
  },
  {
    "fields": {
      "releaseDate": "2015-03-02",
      "artists": 13,
      "album_name": "Comtours",
      "spotifyLink": "https://open.spotify.com/album/572b57bd6cf8684d75f0bc05"
    },
    "model": "musicAPP.album",
    "pk": 29
  },
  {
    "fields": {
      "releaseDate": "2015-11-17",
      "artists": 15,
      "album_name": "Jamnation",
      "spotifyLink": "https://open.spotify.com/album/572b57bd54068359da752f1e"
    },
    "model": "musicAPP.album",
    "pk": 30
  },
  {
    "fields": {
      "album": 29,
      "artists": 16,
      "track_name": "Venoflex",
      "spotifyLink": "https://open.spotify.com/album/572b573b4f1d5ade02b5f23c"
    },
    "model": "musicAPP.track",
    "pk": 1
  },
  {
    "fields": {
      "album": 27,
      "artists": 20,
      "track_name": "Rubadub",
      "spotifyLink": "https://open.spotify.com/album/572b573b846db611e0f4ce53"
    },
    "model": "musicAPP.track",
    "pk": 2
  },
  {
    "fields": {
      "album": 17,
      "artists": 14,
      "track_name": "Applica",
      "spotifyLink": "https://open.spotify.com/album/572b573b1d88a099133d60bb"
    },
    "model": "musicAPP.track",
    "pk": 3
  },
  {
    "fields": {
      "album": 15,
      "artists": 20,
      "track_name": "Helixo",
      "spotifyLink": "https://open.spotify.com/album/572b573b92c7712b1c034e9c"
    },
    "model": "musicAPP.track",
    "pk": 4
  },
  {
    "fields": {
      "album": 4,
      "artists": 15,
      "track_name": "Beadzza",
      "spotifyLink": "https://open.spotify.com/album/572b573bcb1fe86fa59abd5c"
    },
    "model": "musicAPP.track",
    "pk": 5
  },
  {
    "fields": {
      "album": 22,
      "artists": 11,
      "track_name": "Terragen",
      "spotifyLink": "https://open.spotify.com/album/572b573b830c48ec8282e076"
    },
    "model": "musicAPP.track",
    "pk": 6
  },
  {
    "fields": {
      "album": 18,
      "artists": 7,
      "track_name": "Hairport",
      "spotifyLink": "https://open.spotify.com/album/572b573b0797bbfc324a2d42"
    },
    "model": "musicAPP.track",
    "pk": 7
  },
  {
    "fields": {
      "album": 4,
      "artists": 10,
      "track_name": "Baluba",
      "spotifyLink": "https://open.spotify.com/album/572b573b712199feda94421e"
    },
    "model": "musicAPP.track",
    "pk": 8
  },
  {
    "fields": {
      "album": 1,
      "artists": 11,
      "track_name": "Spherix",
      "spotifyLink": "https://open.spotify.com/album/572b573b3faf59c2119ebc88"
    },
    "model": "musicAPP.track",
    "pk": 9
  },
  {
    "fields": {
      "album": 19,
      "artists": 14,
      "track_name": "Geeknet",
      "spotifyLink": "https://open.spotify.com/album/572b573b1aecfcba7dd77fb9"
    },
    "model": "musicAPP.track",
    "pk": 10
  },
  {
    "fields": {
      "album": 11,
      "artists": 1,
      "track_name": "Exoplode",
      "spotifyLink": "https://open.spotify.com/album/572b573b32e83d436da3dcf1"
    },
    "model": "musicAPP.track",
    "pk": 11
  },
  {
    "fields": {
      "album": 2,
      "artists": 10,
      "track_name": "Hopeli",
      "spotifyLink": "https://open.spotify.com/album/572b573b035a740b78f258c3"
    },
    "model": "musicAPP.track",
    "pk": 12
  },
  {
    "fields": {
      "album": 2,
      "artists": 13,
      "track_name": "Lyria",
      "spotifyLink": "https://open.spotify.com/album/572b573ba01d3c80e1c99099"
    },
    "model": "musicAPP.track",
    "pk": 13
  },
  {
    "fields": {
      "album": 2,
      "artists": 17,
      "track_name": "Hydrocom",
      "spotifyLink": "https://open.spotify.com/album/572b573b408ca4642cd0180d"
    },
    "model": "musicAPP.track",
    "pk": 14
  },
  {
    "fields": {
      "album": 25,
      "artists": 14,
      "track_name": "Vinch",
      "spotifyLink": "https://open.spotify.com/album/572b573bca6a5f459037cdf0"
    },
    "model": "musicAPP.track",
    "pk": 15
  },
  {
    "fields": {
      "album": 13,
      "artists": 8,
      "track_name": "Paprikut",
      "spotifyLink": "https://open.spotify.com/album/572b573b4d8e6ce34389eaeb"
    },
    "model": "musicAPP.track",
    "pk": 16
  },
  {
    "fields": {
      "album": 30,
      "artists": 16,
      "track_name": "Insuron",
      "spotifyLink": "https://open.spotify.com/album/572b573b311d6b854b14d1e2"
    },
    "model": "musicAPP.track",
    "pk": 17
  },
  {
    "fields": {
      "album": 7,
      "artists": 4,
      "track_name": "Centuria",
      "spotifyLink": "https://open.spotify.com/album/572b573b02b06603625ef23a"
    },
    "model": "musicAPP.track",
    "pk": 18
  },
  {
    "fields": {
      "album": 2,
      "artists": 10,
      "track_name": "Kongle",
      "spotifyLink": "https://open.spotify.com/album/572b573b03e4ad8c2f82e8d6"
    },
    "model": "musicAPP.track",
    "pk": 19
  },
  {
    "fields": {
      "album": 6,
      "artists": 3,
      "track_name": "Comtext",
      "spotifyLink": "https://open.spotify.com/album/572b573b8d435b0d64432fd8"
    },
    "model": "musicAPP.track",
    "pk": 20
  },
  {
    "fields": {
      "album": 25,
      "artists": 20,
      "track_name": "Eyewax",
      "spotifyLink": "https://open.spotify.com/album/572b573b868a2a9fa5fc08a3"
    },
    "model": "musicAPP.track",
    "pk": 21
  },
  {
    "fields": {
      "album": 9,
      "artists": 19,
      "track_name": "Slofast",
      "spotifyLink": "https://open.spotify.com/album/572b573b6dbb2723e30606a1"
    },
    "model": "musicAPP.track",
    "pk": 22
  },
  {
    "fields": {
      "album": 29,
      "artists": 15,
      "track_name": "Frosnex",
      "spotifyLink": "https://open.spotify.com/album/572b573b3a2d8ae04a7b282d"
    },
    "model": "musicAPP.track",
    "pk": 23
  },
  {
    "fields": {
      "album": 26,
      "artists": 13,
      "track_name": "Jumpstack",
      "spotifyLink": "https://open.spotify.com/album/572b573ba0896fb0e81715eb"
    },
    "model": "musicAPP.track",
    "pk": 24
  },
  {
    "fields": {
      "album": 24,
      "artists": 8,
      "track_name": "Viagrand",
      "spotifyLink": "https://open.spotify.com/album/572b573bc8a7338d83a358e7"
    },
    "model": "musicAPP.track",
    "pk": 25
  },
  {
    "fields": {
      "album": 4,
      "artists": 10,
      "track_name": "Musanpoly",
      "spotifyLink": "https://open.spotify.com/album/572b573b63f9be7b14a94f02"
    },
    "model": "musicAPP.track",
    "pk": 26
  },
  {
    "fields": {
      "album": 27,
      "artists": 11,
      "track_name": "Webiotic",
      "spotifyLink": "https://open.spotify.com/album/572b573b25ee17b2d506b7f1"
    },
    "model": "musicAPP.track",
    "pk": 27
  },
  {
    "fields": {
      "album": 15,
      "artists": 20,
      "track_name": "Apextri",
      "spotifyLink": "https://open.spotify.com/album/572b573bf2bc0c7571f3d858"
    },
    "model": "musicAPP.track",
    "pk": 28
  },
  {
    "fields": {
      "album": 19,
      "artists": 12,
      "track_name": "Zoid",
      "spotifyLink": "https://open.spotify.com/album/572b573b15603b1ba9765fb4"
    },
    "model": "musicAPP.track",
    "pk": 29
  },
  {
    "fields": {
      "album": 26,
      "artists": 15,
      "track_name": "Neocent",
      "spotifyLink": "https://open.spotify.com/album/572b573b0dffbb36db8c3674"
    },
    "model": "musicAPP.track",
    "pk": 30
  },
  {
    "fields": {
      "album": 5,
      "artists": 5,
      "track_name": "Zentime",
      "spotifyLink": "https://open.spotify.com/album/572b573bb2722dc4bc9ca271"
    },
    "model": "musicAPP.track",
    "pk": 31
  },
  {
    "fields": {
      "album": 11,
      "artists": 15,
      "track_name": "Gallaxia",
      "spotifyLink": "https://open.spotify.com/album/572b573bd0d2cfe33a81da42"
    },
    "model": "musicAPP.track",
    "pk": 32
  },
  {
    "fields": {
      "album": 1,
      "artists": 10,
      "track_name": "Sultraxin",
      "spotifyLink": "https://open.spotify.com/album/572b573bb9301c42f391b394"
    },
    "model": "musicAPP.track",
    "pk": 33
  },
  {
    "fields": {
      "album": 10,
      "artists": 15,
      "track_name": "Elemantra",
      "spotifyLink": "https://open.spotify.com/album/572b573bfbc26b0e75889c53"
    },
    "model": "musicAPP.track",
    "pk": 34
  },
  {
    "fields": {
      "album": 17,
      "artists": 1,
      "track_name": "Everest",
      "spotifyLink": "https://open.spotify.com/album/572b573b75d00f964e0f99aa"
    },
    "model": "musicAPP.track",
    "pk": 35
  },
  {
    "fields": {
      "album": 30,
      "artists": 2,
      "track_name": "Daycore",
      "spotifyLink": "https://open.spotify.com/album/572b573b9c1b4823aaf58f76"
    },
    "model": "musicAPP.track",
    "pk": 36
  },
  {
    "fields": {
      "album": 24,
      "artists": 1,
      "track_name": "Zensor",
      "spotifyLink": "https://open.spotify.com/album/572b573b97bab900cff85637"
    },
    "model": "musicAPP.track",
    "pk": 37
  },
  {
    "fields": {
      "album": 23,
      "artists": 13,
      "track_name": "Miraclis",
      "spotifyLink": "https://open.spotify.com/album/572b573b44796bde8561f1c6"
    },
    "model": "musicAPP.track",
    "pk": 38
  },
  {
    "fields": {
      "album": 14,
      "artists": 9,
      "track_name": "Optique",
      "spotifyLink": "https://open.spotify.com/album/572b573b836f46e68a49416c"
    },
    "model": "musicAPP.track",
    "pk": 39
  },
  {
    "fields": {
      "album": 23,
      "artists": 17,
      "track_name": "Buzzmaker",
      "spotifyLink": "https://open.spotify.com/album/572b573bd91e36ac3f06ec82"
    },
    "model": "musicAPP.track",
    "pk": 40
  },
  {
    "fields": {
      "album": 20,
      "artists": 10,
      "track_name": "Plasto",
      "spotifyLink": "https://open.spotify.com/album/572b573beff07335dbda1a8b"
    },
    "model": "musicAPP.track",
    "pk": 41
  },
  {
    "fields": {
      "album": 23,
      "artists": 7,
      "track_name": "Apex",
      "spotifyLink": "https://open.spotify.com/album/572b573b8f218732f9979d3d"
    },
    "model": "musicAPP.track",
    "pk": 42
  },
  {
    "fields": {
      "album": 16,
      "artists": 2,
      "track_name": "Manglo",
      "spotifyLink": "https://open.spotify.com/album/572b573bd050d2bf2d391ebd"
    },
    "model": "musicAPP.track",
    "pk": 43
  },
  {
    "fields": {
      "album": 7,
      "artists": 12,
      "track_name": "Anixang",
      "spotifyLink": "https://open.spotify.com/album/572b573b1448e39f83063ca2"
    },
    "model": "musicAPP.track",
    "pk": 44
  },
  {
    "fields": {
      "album": 29,
      "artists": 2,
      "track_name": "Genekom",
      "spotifyLink": "https://open.spotify.com/album/572b573ba71d95f23afa79e7"
    },
    "model": "musicAPP.track",
    "pk": 45
  },
  {
    "fields": {
      "album": 12,
      "artists": 3,
      "track_name": "Comstar",
      "spotifyLink": "https://open.spotify.com/album/572b573b56d3ad87db1c8cd7"
    },
    "model": "musicAPP.track",
    "pk": 46
  },
  {
    "fields": {
      "album": 23,
      "artists": 4,
      "track_name": "Securia",
      "spotifyLink": "https://open.spotify.com/album/572b573bd7461e86da77adc8"
    },
    "model": "musicAPP.track",
    "pk": 47
  },
  {
    "fields": {
      "album": 19,
      "artists": 10,
      "track_name": "Orbin",
      "spotifyLink": "https://open.spotify.com/album/572b573ba63ec18e98232b86"
    },
    "model": "musicAPP.track",
    "pk": 48
  },
  {
    "fields": {
      "album": 27,
      "artists": 19,
      "track_name": "Moltonic",
      "spotifyLink": "https://open.spotify.com/album/572b573bf3d341b84cb60f78"
    },
    "model": "musicAPP.track",
    "pk": 49
  },
  {
    "fields": {
      "album": 19,
      "artists": 2,
      "track_name": "Luxuria",
      "spotifyLink": "https://open.spotify.com/album/572b573b23c35e146588777f"
    },
    "model": "musicAPP.track",
    "pk": 50
  },
  {
    "fields": {
      "album": 29,
      "artists": 19,
      "track_name": "Limozen",
      "spotifyLink": "https://open.spotify.com/album/572b573b3e85dddb446bbcac"
    },
    "model": "musicAPP.track",
    "pk": 51
  },
  {
    "fields": {
      "album": 12,
      "artists": 17,
      "track_name": "Emtrak",
      "spotifyLink": "https://open.spotify.com/album/572b573b123b003fcbea980a"
    },
    "model": "musicAPP.track",
    "pk": 52
  },
  {
    "fields": {
      "album": 7,
      "artists": 5,
      "track_name": "Tersanki",
      "spotifyLink": "https://open.spotify.com/album/572b573b54976959a724d676"
    },
    "model": "musicAPP.track",
    "pk": 53
  },
  {
    "fields": {
      "album": 8,
      "artists": 16,
      "track_name": "Mediot",
      "spotifyLink": "https://open.spotify.com/album/572b573b784653ef119b148a"
    },
    "model": "musicAPP.track",
    "pk": 54
  },
  {
    "fields": {
      "album": 22,
      "artists": 11,
      "track_name": "Quilch",
      "spotifyLink": "https://open.spotify.com/album/572b573b3f986efaef287846"
    },
    "model": "musicAPP.track",
    "pk": 55
  },
  {
    "fields": {
      "album": 3,
      "artists": 13,
      "track_name": "Gogol",
      "spotifyLink": "https://open.spotify.com/album/572b573bfdcd6636af32d2fe"
    },
    "model": "musicAPP.track",
    "pk": 56
  },
  {
    "fields": {
      "album": 17,
      "artists": 19,
      "track_name": "Conferia",
      "spotifyLink": "https://open.spotify.com/album/572b573bc010afabcdbf2d15"
    },
    "model": "musicAPP.track",
    "pk": 57
  },
  {
    "fields": {
      "album": 11,
      "artists": 20,
      "track_name": "Jasper",
      "spotifyLink": "https://open.spotify.com/album/572b573bb91569dafbb1d204"
    },
    "model": "musicAPP.track",
    "pk": 58
  },
  {
    "fields": {
      "album": 8,
      "artists": 19,
      "track_name": "Andershun",
      "spotifyLink": "https://open.spotify.com/album/572b573b629eccc36c63a2d0"
    },
    "model": "musicAPP.track",
    "pk": 59
  },
  {
    "fields": {
      "album": 13,
      "artists": 18,
      "track_name": "Inear",
      "spotifyLink": "https://open.spotify.com/album/572b573b25fd5c5a091e6060"
    },
    "model": "musicAPP.track",
    "pk": 60
  },
  {
    "fields": {
      "album": 26,
      "artists": 4,
      "track_name": "Zaj",
      "spotifyLink": "https://open.spotify.com/album/572b573b337789fe83105c7b"
    },
    "model": "musicAPP.track",
    "pk": 61
  },
  {
    "fields": {
      "album": 19,
      "artists": 15,
      "track_name": "Crustatia",
      "spotifyLink": "https://open.spotify.com/album/572b573b05a376589e9c9484"
    },
    "model": "musicAPP.track",
    "pk": 62
  },
  {
    "fields": {
      "album": 19,
      "artists": 16,
      "track_name": "Zeam",
      "spotifyLink": "https://open.spotify.com/album/572b573b87abc60a081c12d3"
    },
    "model": "musicAPP.track",
    "pk": 63
  },
  {
    "fields": {
      "album": 22,
      "artists": 4,
      "track_name": "Furnafix",
      "spotifyLink": "https://open.spotify.com/album/572b573b8992be6076f405f2"
    },
    "model": "musicAPP.track",
    "pk": 64
  },
  {
    "fields": {
      "album": 18,
      "artists": 6,
      "track_name": "Orbixtar",
      "spotifyLink": "https://open.spotify.com/album/572b573b0a7b546cfc37a633"
    },
    "model": "musicAPP.track",
    "pk": 65
  },
  {
    "fields": {
      "album": 15,
      "artists": 8,
      "track_name": "Supportal",
      "spotifyLink": "https://open.spotify.com/album/572b573b12d2111af025233a"
    },
    "model": "musicAPP.track",
    "pk": 66
  },
  {
    "fields": {
      "album": 8,
      "artists": 17,
      "track_name": "Xumonk",
      "spotifyLink": "https://open.spotify.com/album/572b573b946a9a60170fb279"
    },
    "model": "musicAPP.track",
    "pk": 67
  },
  {
    "fields": {
      "album": 30,
      "artists": 8,
      "track_name": "Dragbot",
      "spotifyLink": "https://open.spotify.com/album/572b573b46c9e891813dbeec"
    },
    "model": "musicAPP.track",
    "pk": 68
  },
  {
    "fields": {
      "album": 23,
      "artists": 19,
      "track_name": "Providco",
      "spotifyLink": "https://open.spotify.com/album/572b573bfa92614a628161fe"
    },
    "model": "musicAPP.track",
    "pk": 69
  },
  {
    "fields": {
      "album": 22,
      "artists": 8,
      "track_name": "Pushcart",
      "spotifyLink": "https://open.spotify.com/album/572b573bdff045e9b74baace"
    },
    "model": "musicAPP.track",
    "pk": 70
  },
  {
    "fields": {
      "album": 14,
      "artists": 12,
      "track_name": "Enersave",
      "spotifyLink": "https://open.spotify.com/album/572b573ba55866bf45cbe1d0"
    },
    "model": "musicAPP.track",
    "pk": 71
  },
  {
    "fields": {
      "album": 11,
      "artists": 9,
      "track_name": "Elita",
      "spotifyLink": "https://open.spotify.com/album/572b573bb50d113b346ddfca"
    },
    "model": "musicAPP.track",
    "pk": 72
  },
  {
    "fields": {
      "album": 17,
      "artists": 19,
      "track_name": "Amtas",
      "spotifyLink": "https://open.spotify.com/album/572b573b999e32c41ac9689f"
    },
    "model": "musicAPP.track",
    "pk": 73
  },
  {
    "fields": {
      "album": 1,
      "artists": 19,
      "track_name": "Kiosk",
      "spotifyLink": "https://open.spotify.com/album/572b573b1c8c985a65a48b32"
    },
    "model": "musicAPP.track",
    "pk": 74
  },
  {
    "fields": {
      "album": 20,
      "artists": 5,
      "track_name": "Savvy",
      "spotifyLink": "https://open.spotify.com/album/572b573b8601d0b96d37ac25"
    },
    "model": "musicAPP.track",
    "pk": 75
  },
  {
    "fields": {
      "album": 19,
      "artists": 3,
      "track_name": "Exotechno",
      "spotifyLink": "https://open.spotify.com/album/572b573bcb12e7ce2cf9b5f7"
    },
    "model": "musicAPP.track",
    "pk": 76
  },
  {
    "fields": {
      "album": 3,
      "artists": 10,
      "track_name": "Dyno",
      "spotifyLink": "https://open.spotify.com/album/572b573b18f1eb6ca80949d6"
    },
    "model": "musicAPP.track",
    "pk": 77
  },
  {
    "fields": {
      "album": 19,
      "artists": 19,
      "track_name": "Geoforma",
      "spotifyLink": "https://open.spotify.com/album/572b573b9375b5e2bda8d7e7"
    },
    "model": "musicAPP.track",
    "pk": 78
  },
  {
    "fields": {
      "album": 13,
      "artists": 9,
      "track_name": "Quilk",
      "spotifyLink": "https://open.spotify.com/album/572b573bc5abfb0b1ad4920a"
    },
    "model": "musicAPP.track",
    "pk": 79
  },
  {
    "fields": {
      "album": 9,
      "artists": 8,
      "track_name": "Exospeed",
      "spotifyLink": "https://open.spotify.com/album/572b573bc69a24bce885fc1d"
    },
    "model": "musicAPP.track",
    "pk": 80
  },
  {
    "fields": {
      "album": 29,
      "artists": 1,
      "track_name": "Arctiq",
      "spotifyLink": "https://open.spotify.com/album/572b573b0ff77223c3b1139e"
    },
    "model": "musicAPP.track",
    "pk": 81
  },
  {
    "fields": {
      "album": 1,
      "artists": 5,
      "track_name": "Biflex",
      "spotifyLink": "https://open.spotify.com/album/572b573bc19858abcf1d6098"
    },
    "model": "musicAPP.track",
    "pk": 82
  },
  {
    "fields": {
      "album": 25,
      "artists": 11,
      "track_name": "Poshome",
      "spotifyLink": "https://open.spotify.com/album/572b573be717cef02127af5d"
    },
    "model": "musicAPP.track",
    "pk": 83
  },
  {
    "fields": {
      "album": 20,
      "artists": 2,
      "track_name": "Zosis",
      "spotifyLink": "https://open.spotify.com/album/572b573bf0e8fb0ba292e333"
    },
    "model": "musicAPP.track",
    "pk": 84
  },
  {
    "fields": {
      "album": 2,
      "artists": 1,
      "track_name": "Oulu",
      "spotifyLink": "https://open.spotify.com/album/572b573bec3a7c84d2d0059e"
    },
    "model": "musicAPP.track",
    "pk": 85
  },
  {
    "fields": {
      "album": 24,
      "artists": 15,
      "track_name": "Plasmos",
      "spotifyLink": "https://open.spotify.com/album/572b573b69f1dda3cab299da"
    },
    "model": "musicAPP.track",
    "pk": 86
  },
  {
    "fields": {
      "album": 4,
      "artists": 20,
      "track_name": "Zaggle",
      "spotifyLink": "https://open.spotify.com/album/572b573b8f26cabc09f62e73"
    },
    "model": "musicAPP.track",
    "pk": 87
  },
  {
    "fields": {
      "album": 7,
      "artists": 14,
      "track_name": "Centrexin",
      "spotifyLink": "https://open.spotify.com/album/572b573be39d05021e908908"
    },
    "model": "musicAPP.track",
    "pk": 88
  },
  {
    "fields": {
      "album": 25,
      "artists": 15,
      "track_name": "Corecom",
      "spotifyLink": "https://open.spotify.com/album/572b573b450fc132b424272f"
    },
    "model": "musicAPP.track",
    "pk": 89
  },
  {
    "fields": {
      "album": 18,
      "artists": 14,
      "track_name": "Ecstasia",
      "spotifyLink": "https://open.spotify.com/album/572b573b5dfd997198b35cbb"
    },
    "model": "musicAPP.track",
    "pk": 90
  },
  {
    "fields": {
      "album": 16,
      "artists": 15,
      "track_name": "Miracula",
      "spotifyLink": "https://open.spotify.com/album/572b573b2183c204fc50f45e"
    },
    "model": "musicAPP.track",
    "pk": 91
  },
  {
    "fields": {
      "album": 23,
      "artists": 18,
      "track_name": "Bristo",
      "spotifyLink": "https://open.spotify.com/album/572b573b2686fad6c2deda2d"
    },
    "model": "musicAPP.track",
    "pk": 92
  },
  {
    "fields": {
      "album": 21,
      "artists": 13,
      "track_name": "Vetron",
      "spotifyLink": "https://open.spotify.com/album/572b573b58fcbb6c362c24b0"
    },
    "model": "musicAPP.track",
    "pk": 93
  },
  {
    "fields": {
      "album": 1,
      "artists": 12,
      "track_name": "Turnabout",
      "spotifyLink": "https://open.spotify.com/album/572b573b890010488e439ea3"
    },
    "model": "musicAPP.track",
    "pk": 94
  },
  {
    "fields": {
      "album": 22,
      "artists": 16,
      "track_name": "Zogak",
      "spotifyLink": "https://open.spotify.com/album/572b573bd23616d1bc7f48aa"
    },
    "model": "musicAPP.track",
    "pk": 95
  },
  {
    "fields": {
      "album": 20,
      "artists": 19,
      "track_name": "Twiist",
      "spotifyLink": "https://open.spotify.com/album/572b573b1e56ebd7f2f29e14"
    },
    "model": "musicAPP.track",
    "pk": 96
  },
  {
    "fields": {
      "album": 4,
      "artists": 18,
      "track_name": "Collaire",
      "spotifyLink": "https://open.spotify.com/album/572b573b90a7fe22860fa158"
    },
    "model": "musicAPP.track",
    "pk": 97
  },
  {
    "fields": {
      "album": 15,
      "artists": 16,
      "track_name": "Isodrive",
      "spotifyLink": "https://open.spotify.com/album/572b573b91e413d1d2ccdc4a"
    },
    "model": "musicAPP.track",
    "pk": 98
  },
  {
    "fields": {
      "album": 1,
      "artists": 18,
      "track_name": "Overplex",
      "spotifyLink": "https://open.spotify.com/album/572b573be4dce83f17b95553"
    },
    "model": "musicAPP.track",
    "pk": 99
  },
  {
    "fields": {
      "album": 13,
      "artists": 13,
      "track_name": "Ultrasure",
      "spotifyLink": "https://open.spotify.com/album/572b573ba0b5cb876f38746e"
    },
    "model": "musicAPP.track",
    "pk": 100
  },
  {
    "fields": {
      "album": 25,
      "artists": 17,
      "track_name": "Zillar",
      "spotifyLink": "https://open.spotify.com/album/572b573bc2bf1b6d0ceec6d3"
    },
    "model": "musicAPP.track",
    "pk": 101
  },
  {
    "fields": {
      "album": 5,
      "artists": 10,
      "track_name": "Suremax",
      "spotifyLink": "https://open.spotify.com/album/572b573b644c96057255d6c3"
    },
    "model": "musicAPP.track",
    "pk": 102
  },
  {
    "fields": {
      "album": 28,
      "artists": 5,
      "track_name": "Codact",
      "spotifyLink": "https://open.spotify.com/album/572b573b505baaba63d75e83"
    },
    "model": "musicAPP.track",
    "pk": 103
  },
  {
    "fields": {
      "album": 11,
      "artists": 4,
      "track_name": "Zappix",
      "spotifyLink": "https://open.spotify.com/album/572b573b352a9775e25ab289"
    },
    "model": "musicAPP.track",
    "pk": 104
  },
  {
    "fields": {
      "album": 30,
      "artists": 6,
      "track_name": "Zilch",
      "spotifyLink": "https://open.spotify.com/album/572b573bffd498aaa0c69486"
    },
    "model": "musicAPP.track",
    "pk": 105
  },
  {
    "fields": {
      "album": 25,
      "artists": 12,
      "track_name": "Tetratrex",
      "spotifyLink": "https://open.spotify.com/album/572b573b8284f214fe30218f"
    },
    "model": "musicAPP.track",
    "pk": 106
  },
  {
    "fields": {
      "album": 21,
      "artists": 20,
      "track_name": "Isosphere",
      "spotifyLink": "https://open.spotify.com/album/572b573b210008096db4a978"
    },
    "model": "musicAPP.track",
    "pk": 107
  },
  {
    "fields": {
      "album": 6,
      "artists": 19,
      "track_name": "Geekus",
      "spotifyLink": "https://open.spotify.com/album/572b573b91bb4b88a38ae64d"
    },
    "model": "musicAPP.track",
    "pk": 108
  },
  {
    "fields": {
      "album": 28,
      "artists": 10,
      "track_name": "Kyaguru",
      "spotifyLink": "https://open.spotify.com/album/572b573bc954c6f4f494be28"
    },
    "model": "musicAPP.track",
    "pk": 109
  },
  {
    "fields": {
      "album": 17,
      "artists": 17,
      "track_name": "Xyqag",
      "spotifyLink": "https://open.spotify.com/album/572b573b8c94068f9315f2c3"
    },
    "model": "musicAPP.track",
    "pk": 110
  },
  {
    "fields": {
      "album": 4,
      "artists": 9,
      "track_name": "Fibrodyne",
      "spotifyLink": "https://open.spotify.com/album/572b573b616d1d36f4129c3c"
    },
    "model": "musicAPP.track",
    "pk": 111
  },
  {
    "fields": {
      "album": 16,
      "artists": 9,
      "track_name": "Lunchpad",
      "spotifyLink": "https://open.spotify.com/album/572b573ba82e5669e806194b"
    },
    "model": "musicAPP.track",
    "pk": 112
  },
  {
    "fields": {
      "album": 1,
      "artists": 13,
      "track_name": "Tropoli",
      "spotifyLink": "https://open.spotify.com/album/572b573b231e167563b44a63"
    },
    "model": "musicAPP.track",
    "pk": 113
  },
  {
    "fields": {
      "album": 19,
      "artists": 20,
      "track_name": "Accruex",
      "spotifyLink": "https://open.spotify.com/album/572b573b106d10ef511bc451"
    },
    "model": "musicAPP.track",
    "pk": 114
  },
  {
    "fields": {
      "album": 4,
      "artists": 13,
      "track_name": "Slumberia",
      "spotifyLink": "https://open.spotify.com/album/572b573b3983a398f2b06256"
    },
    "model": "musicAPP.track",
    "pk": 115
  },
  {
    "fields": {
      "album": 8,
      "artists": 19,
      "track_name": "Tubesys",
      "spotifyLink": "https://open.spotify.com/album/572b573b75828f2309065b09"
    },
    "model": "musicAPP.track",
    "pk": 116
  },
  {
    "fields": {
      "album": 13,
      "artists": 16,
      "track_name": "Zytrax",
      "spotifyLink": "https://open.spotify.com/album/572b573bb4afa777e62e0db8"
    },
    "model": "musicAPP.track",
    "pk": 117
  },
  {
    "fields": {
      "album": 11,
      "artists": 13,
      "track_name": "Tingles",
      "spotifyLink": "https://open.spotify.com/album/572b573b47498108beecaea3"
    },
    "model": "musicAPP.track",
    "pk": 118
  },
  {
    "fields": {
      "album": 27,
      "artists": 16,
      "track_name": "Prosure",
      "spotifyLink": "https://open.spotify.com/album/572b573be0ef37f72c61af42"
    },
    "model": "musicAPP.track",
    "pk": 119
  },
  {
    "fields": {
      "album": 12,
      "artists": 3,
      "track_name": "Intergeek",
      "spotifyLink": "https://open.spotify.com/album/572b573b9d3dd451f19dab45"
    },
    "model": "musicAPP.track",
    "pk": 120
  },
  {
    "fields": {
      "album": 15,
      "artists": 18,
      "track_name": "Ecosys",
      "spotifyLink": "https://open.spotify.com/album/572b573bf0a05179a9f55d0c"
    },
    "model": "musicAPP.track",
    "pk": 121
  },
  {
    "fields": {
      "album": 24,
      "artists": 19,
      "track_name": "Lumbrex",
      "spotifyLink": "https://open.spotify.com/album/572b573bb431ea24bece7098"
    },
    "model": "musicAPP.track",
    "pk": 122
  },
  {
    "fields": {
      "album": 24,
      "artists": 17,
      "track_name": "Geekosis",
      "spotifyLink": "https://open.spotify.com/album/572b573b372b88514a6dc144"
    },
    "model": "musicAPP.track",
    "pk": 123
  },
  {
    "fields": {
      "album": 2,
      "artists": 17,
      "track_name": "Franscene",
      "spotifyLink": "https://open.spotify.com/album/572b573b47a00ed86859840a"
    },
    "model": "musicAPP.track",
    "pk": 124
  },
  {
    "fields": {
      "album": 24,
      "artists": 6,
      "track_name": "Comvoy",
      "spotifyLink": "https://open.spotify.com/album/572b573b98f80478959ac2b9"
    },
    "model": "musicAPP.track",
    "pk": 125
  },
  {
    "fields": {
      "album": 16,
      "artists": 14,
      "track_name": "Zolavo",
      "spotifyLink": "https://open.spotify.com/album/572b573b57f937d9c5569c2a"
    },
    "model": "musicAPP.track",
    "pk": 126
  },
  {
    "fields": {
      "album": 10,
      "artists": 3,
      "track_name": "Elentrix",
      "spotifyLink": "https://open.spotify.com/album/572b573b5b88a08dccc8e867"
    },
    "model": "musicAPP.track",
    "pk": 127
  },
  {
    "fields": {
      "album": 9,
      "artists": 19,
      "track_name": "Minga",
      "spotifyLink": "https://open.spotify.com/album/572b573b6f7f66b194ab39a5"
    },
    "model": "musicAPP.track",
    "pk": 128
  },
  {
    "fields": {
      "album": 24,
      "artists": 18,
      "track_name": "Atomica",
      "spotifyLink": "https://open.spotify.com/album/572b573bc15e7d29633342ad"
    },
    "model": "musicAPP.track",
    "pk": 129
  },
  {
    "fields": {
      "album": 5,
      "artists": 1,
      "track_name": "Cytrak",
      "spotifyLink": "https://open.spotify.com/album/572b573bdae3b6387abc1217"
    },
    "model": "musicAPP.track",
    "pk": 130
  },
  {
    "fields": {
      "album": 20,
      "artists": 17,
      "track_name": "Boink",
      "spotifyLink": "https://open.spotify.com/album/572b573b495b926e8e35030b"
    },
    "model": "musicAPP.track",
    "pk": 131
  },
  {
    "fields": {
      "album": 15,
      "artists": 8,
      "track_name": "Nixelt",
      "spotifyLink": "https://open.spotify.com/album/572b573bfe09f6c645973511"
    },
    "model": "musicAPP.track",
    "pk": 132
  },
  {
    "fields": {
      "album": 15,
      "artists": 17,
      "track_name": "Golistic",
      "spotifyLink": "https://open.spotify.com/album/572b573bf28164240ebd3b23"
    },
    "model": "musicAPP.track",
    "pk": 133
  },
  {
    "fields": {
      "album": 14,
      "artists": 15,
      "track_name": "Velos",
      "spotifyLink": "https://open.spotify.com/album/572b573b28a7c3709ca35e4e"
    },
    "model": "musicAPP.track",
    "pk": 134
  },
  {
    "fields": {
      "album": 3,
      "artists": 16,
      "track_name": "Bostonic",
      "spotifyLink": "https://open.spotify.com/album/572b573bfafc2205931416af"
    },
    "model": "musicAPP.track",
    "pk": 135
  },
  {
    "fields": {
      "album": 22,
      "artists": 16,
      "track_name": "Isoswitch",
      "spotifyLink": "https://open.spotify.com/album/572b573b06ed0e262bd781f3"
    },
    "model": "musicAPP.track",
    "pk": 136
  },
  {
    "fields": {
      "album": 14,
      "artists": 3,
      "track_name": "Accidency",
      "spotifyLink": "https://open.spotify.com/album/572b573b0be46c6708f42c2f"
    },
    "model": "musicAPP.track",
    "pk": 137
  },
  {
    "fields": {
      "album": 20,
      "artists": 4,
      "track_name": "Magnemo",
      "spotifyLink": "https://open.spotify.com/album/572b573b51327fbf599c724c"
    },
    "model": "musicAPP.track",
    "pk": 138
  },
  {
    "fields": {
      "album": 24,
      "artists": 13,
      "track_name": "Magnina",
      "spotifyLink": "https://open.spotify.com/album/572b573b7ba8437ebc26f7c9"
    },
    "model": "musicAPP.track",
    "pk": 139
  },
  {
    "fields": {
      "album": 12,
      "artists": 7,
      "track_name": "Medcom",
      "spotifyLink": "https://open.spotify.com/album/572b573b795a74dca3c85267"
    },
    "model": "musicAPP.track",
    "pk": 140
  },
  {
    "fields": {
      "album": 20,
      "artists": 10,
      "track_name": "Uni",
      "spotifyLink": "https://open.spotify.com/album/572b573bc66ffbb1e1e8472b"
    },
    "model": "musicAPP.track",
    "pk": 141
  },
  {
    "fields": {
      "album": 3,
      "artists": 16,
      "track_name": "Kraggle",
      "spotifyLink": "https://open.spotify.com/album/572b573b75498469e0464afe"
    },
    "model": "musicAPP.track",
    "pk": 142
  },
  {
    "fields": {
      "album": 8,
      "artists": 7,
      "track_name": "Metroz",
      "spotifyLink": "https://open.spotify.com/album/572b573bb8aa643464d31c0e"
    },
    "model": "musicAPP.track",
    "pk": 143
  },
  {
    "fields": {
      "album": 28,
      "artists": 12,
      "track_name": "Bitrex",
      "spotifyLink": "https://open.spotify.com/album/572b573b7d195985b7f153d8"
    },
    "model": "musicAPP.track",
    "pk": 144
  },
  {
    "fields": {
      "album": 29,
      "artists": 14,
      "track_name": "Accupharm",
      "spotifyLink": "https://open.spotify.com/album/572b573b8d7aac67aef7011f"
    },
    "model": "musicAPP.track",
    "pk": 145
  },
  {
    "fields": {
      "album": 10,
      "artists": 9,
      "track_name": "Buzzness",
      "spotifyLink": "https://open.spotify.com/album/572b573b1bfb154b155240dc"
    },
    "model": "musicAPP.track",
    "pk": 146
  },
  {
    "fields": {
      "album": 27,
      "artists": 13,
      "track_name": "Futurity",
      "spotifyLink": "https://open.spotify.com/album/572b573b8aad23bfbf837b43"
    },
    "model": "musicAPP.track",
    "pk": 147
  },
  {
    "fields": {
      "album": 1,
      "artists": 4,
      "track_name": "Trasola",
      "spotifyLink": "https://open.spotify.com/album/572b573bd65e24d4e1ff60db"
    },
    "model": "musicAPP.track",
    "pk": 148
  },
  {
    "fields": {
      "album": 23,
      "artists": 6,
      "track_name": "Eargo",
      "spotifyLink": "https://open.spotify.com/album/572b573b25201507943480aa"
    },
    "model": "musicAPP.track",
    "pk": 149
  },
  {
    "fields": {
      "album": 25,
      "artists": 6,
      "track_name": "Mantro",
      "spotifyLink": "https://open.spotify.com/album/572b573bf047f1749dbc503f"
    },
    "model": "musicAPP.track",
    "pk": 150
  }
]
